day,open,close,high,low,volume,money
2019/1/2,1171,1145.5,1177,1144,158756,11044766000
2019/1/3,1144.5,1175.5,1176,1143.5,237100,16550057600
2019/1/4,1176,1185.5,1190,1165,273590,19331391600
2019/1/7,1190.5,1195,1198,1178.5,186398,13287640100
2019/1/8,1196.5,1184,1197,1179.5,155370,11062383600
2019/1/9,1185.5,1187.5,1199,1184.5,181614,12980392000
2019/1/10,1188.5,1192,1199,1182,222362,15890020900
2019/1/11,1193,1233,1234,1193,377406,27434595800
2019/1/14,1231,1245,1256,1227,309238,23054892500
2019/1/15,1242,1237.5,1246,1231,236624,17591024400
2019/1/16,1236,1231.5,1240,1223,268990,19873499900
2019/1/17,1230,1231.5,1234,1223,231888,17090220400
2019/1/18,1229.5,1238,1245.5,1226,274626,20387310500
2019/1/21,1237.5,1214,1253,1208,407432,30077945600
2019/1/22,1216,1215.5,1227.5,1205,340078,24827375800
2019/1/23,1215,1232,1236,1208,260600,19113816700
2019/1/24,1232,1216,1238,1216,210762,15508512500
2019/1/25,1215.5,1213,1234,1209,316580,23209720600
2019/1/28,1213,1222,1236,1210,249428,18325304600
2019/1/29,1223,1209,1227,1196,249080,18124531600
2019/1/30,1210,1204,1225.5,1202.5,256806,18745799300
2019/1/31,1204.5,1269,1275,1195,592906,44034171500
2019/2/1,1268.5,1288.5,1290,1262,343348,26274272700
2019/2/11,1305,1267.5,1323.5,1260.5,263808,20280596700
2019/2/12,1266,1291.5,1302,1261,302950,23351518900
2019/2/13,1292.5,1279,1299,1264.5,304298,23399836800
2019/2/14,1281,1272.5,1286.5,1262,252504,19327144200
2019/2/15,1274,1272.5,1281.5,1264,243736,18615318100
2019/2/18,1277,1258.5,1294,1246.5,348498,26551563200
2019/2/19,1255,1256,1265.5,1250.5,197240,14888201300
2019/2/20,1257,1265.5,1269,1245.5,245506,18549159500
2019/2/21,1285,1285,1296,1275,297916,22983003100
2019/2/22,1289,1295,1299.5,1276.5,226230,17446597100
2019/2/25,1295,1291,1303.5,1281,288940,22383014800
2019/2/26,1290,1295,1301.5,1277,253916,19633517200
2019/2/27,1293.5,1295.5,1316,1288,309216,24145063600
2019/2/28,1296.5,1296,1303,1281.5,208042,16138930700
2019/3/1,1296.5,1313.5,1315.5,1288,249084,19463401300
2019/3/4,1316,1282,1322.5,1274,322982,25115570300
2019/3/5,1279.5,1278.5,1286,1266.5,198950,15240512200
2019/3/6,1281,1266.5,1283.5,1262,170108,13017992900
2019/3/7,1266,1272.5,1276,1259,129890,9904157200
2019/3/8,1272.5,1237,1278,1233.5,223134,16796740900
2019/3/11,1234,1226,1246.5,1222,171518,12675594500
2019/3/12,1224,1228,1236,1222.5,160820,11858726200
2019/3/13,1230,1232,1243.5,1228,170398,12623754100
2019/3/14,1234,1234,1242,1221,166090,12279855200
2019/3/15,1235,1237,1251,1229.5,312076,23268312200
2019/3/18,1237,1231,1240.5,1226.5,180384,13357996600
2019/3/19,1231.5,1227.5,1247.5,1224.5,196934,14619419400
2019/3/20,1231,1225,1242.5,1218,203168,14994534900
2019/3/21,1222,1233.5,1238.5,1222,137140,10129400000
2019/3/22,1235,1248.5,1249.5,1230,184108,13710152400
2019/3/25,1245,1233,1247.5,1232,141026,10487145200
2019/3/26,1232,1230,1236,1224,129102,9520442700
2019/3/27,1224,1229.5,1239,1213,179654,13243128200
2019/3/28,1227.5,1228.5,1243.5,1227,146260,10835706700
2019/3/29,1232,1230.5,1238,1222,198234,14635279400
2019/4/1,1232,1248.5,1256.5,1225.5,204586,15249844500
2019/4/2,1249,1237.5,1249,1234,121146,9021097900
2019/4/3,1234.5,1248,1254.5,1233.5,145978,10894623400
2019/4/4,1249,1247.5,1251,1243,68708,5137232600
2019/4/8,1248,1258.5,1260.5,1244.5,91140,6860343700
2019/4/9,1260.5,1229.5,1260.5,1226,108504,8081953600
2019/4/10,1227.5,1233.5,1239,1226,72356,5358410800
2019/4/11,1321.5,1312.5,1329,1297.5,209112,16475199800
2019/4/12,1312,1317.5,1324,1302,188746,14848023200
2019/4/15,1322.5,1326,1335,1311.5,171672,13637752400
2019/4/16,1326,1319.5,1327,1310.5,163746,12960716600
2019/4/17,1319.5,1324.5,1325,1312.5,116952,9259505500
2019/4/18,1328.5,1318,1335,1314,178266,14125474500
2019/4/19,1318,1336.5,1337.5,1313,178556,14174953400
2019/4/22,1334,1330.5,1344.5,1330,155848,12486251000
2019/4/23,1329.5,1337.5,1342.5,1329.5,111202,8919789800
2019/4/24,1339.5,1350,1350,1334,143696,11576185700
2019/4/25,1350,1345,1354.5,1343,123722,10007726500
2019/4/26,1345,1347,1362.5,1340,174336,14142022300
2019/4/29,1348.5,1354.5,1362,1346,136990,11135707700
2019/4/30,1356,1352,1358,1346,135322,10980902500
2019/5/6,1348,1362.5,1370,1346,132718,10822467400
2019/5/7,1363,1373,1382,1359,206110,16952357600
2019/5/8,1373.5,1368,1374.5,1364,131776,10826926100
2019/5/9,1368,1357,1368,1353,125474,10242619400
2019/5/10,1357,1362,1362.5,1348,111072,9039306300
2019/5/13,1362.5,1350.5,1366,1350,115808,9426351300
2019/5/14,1350.5,1337,1361.5,1332,152604,12352626000
2019/5/15,1336.5,1370,1370.5,1335.5,135726,10990335200
2019/5/16,1369,1369,1374.5,1357.5,140238,11492005000
2019/5/17,1365.5,1390,1395.5,1365.5,201708,16719687800
2019/5/20,1395,1387,1402,1382.5,155702,12991363100
2019/5/21,1388,1403.5,1406,1378,261820,21872027200
2019/5/22,1400,1387.5,1433,1381,438214,36933813400
2019/5/23,1384,1392,1402,1373,220352,18334576900
2019/5/24,1392,1418,1420,1384,268020,22576094700
2019/5/27,1418,1388,1427,1386.5,272842,22996313200
2019/5/28,1390.5,1383,1403,1378.5,190934,15927950300
2019/5/29,1384.5,1391.5,1392,1376.5,127290,10561981000
2019/5/30,1391,1396.5,1414.5,1386.5,256592,21581414200
2019/5/31,1395,1386,1414,1385,245826,20620164100
2019/6/3,1386,1369,1389,1364.5,253798,20971764700
2019/6/4,1369,1380.5,1384.5,1366,175946,14519912300
2019/6/5,1376.5,1378,1383,1372.5,135628,11211465800
2019/6/6,1378,1388.5,1395,1361.5,247600,20450586700
2019/6/10,1396,1415,1415.5,1385.5,177402,14890272000
2019/6/11,1415.5,1437,1437.5,1404,327438,27896074000
2019/6/12,1437,1399,1438.5,1398,254338,21669209300
2019/6/13,1397.5,1405,1406.5,1395,159068,13371911700
2019/6/14,1405,1386,1411.5,1384.5,193860,16233461300
2019/6/17,1383,1383.5,1396,1380,153700,12784356700
2019/6/18,1384.5,1389,1391,1376,131448,10915438900
2019/6/19,1390,1393,1407,1383,159942,13369724000
2019/6/20,1390,1398.5,1406,1387.5,153138,12872331800
2019/6/21,1397.5,1393.5,1401,1377.5,193578,16128352000
2019/6/24,1390,1376,1393.5,1366.5,209208,17335145500
2019/6/25,1375.5,1381.5,1385.5,1371,136320,11252056700
2019/6/26,1381,1378.5,1389,1374,143746,11930100800
2019/6/27,1377,1375,1402,1370.5,228250,18946541100
2019/6/28,1375,1392.5,1398,1374,163026,13581715600
2019/7/1,1392,1404,1405,1376,210858,17607981400
2019/7/2,1400,1400,1410,1393,163168,13709396600
2019/7/3,1400.5,1374,1403.5,1371.5,190640,15827862200
2019/7/4,1371,1376,1380,1360.5,220010,18105582100
2019/7/5,1371.5,1368,1379,1361,151532,12446493700
2019/7/8,1371,1374,1378.5,1364.5,127640,10509169700
2019/7/9,1379.5,1384,1393,1375.5,151574,12601325100
2019/7/10,1380,1373,1385,1369,131142,10823218000
2019/7/11,1373.5,1394,1404.5,1371,200356,16696888100
2019/7/12,1397,1396.5,1409.5,1392.5,177988,14955964500
2019/7/15,1395,1398,1416,1389,171244,14380481300
2019/7/16,1401,1420.5,1424,1400,165348,13996510000
2019/7/17,1421,1413.5,1423,1410,128944,10953869900
2019/7/18,1415.5,1415,1421,1406.5,104738,8879698400
2019/7/19,1416.5,1418,1419.5,1398,137032,11566365500
2019/7/22,1415.5,1395.5,1419,1393.5,118096,9978360000
2019/7/23,1396.5,1393.5,1403,1390,85954,7198927600
2019/7/24,1393.5,1409,1410,1388.5,147382,12390929500
2019/7/25,1402.5,1409,1410.5,1401,79514,6711823500
2019/7/26,1410,1402,1413.5,1394,132634,11144795800
2019/7/29,1400,1393,1404.5,1390.5,91560,7675621400
2019/7/30,1391,1397.5,1405,1384.5,124770,10442086900
2019/7/31,1400.5,1399.5,1405,1396,70328,5912131400
2019/8/1,1400,1391.5,1400.5,1384,119028,9939721400
2019/8/2,1389.5,1401.5,1405,1375.5,193698,16147092900
2019/8/5,1401,1400.5,1412,1397,146230,12314159200
2019/8/6,1400,1406,1414.5,1397.5,108398,9146082100
2019/8/7,1402,1395.5,1410.5,1385.5,138432,11617035800
2019/8/8,1393.5,1411,1412.5,1391.5,105128,8862132200
2019/8/9,1411.5,1416,1419.5,1404.5,133720,11327778600
2019/8/12,1412,1409,1432,1396,148744,12623049800
2019/8/13,1406,1414,1418.5,1403,75104,6362446300
2019/8/14,1413.5,1395,1415,1388.5,114036,9588884300
2019/8/15,1392,1391.5,1402,1389,64554,5407387600
2019/8/16,1394,1410.5,1413.5,1390.5,57838,4858283000
2019/8/19,1414,1409.5,1414,1405.5,55814,4724019200
2019/8/20,1334.5,1338,1342,1334.5,42042,3377081400
2019/8/21,1337,1325.5,1340.5,1310,138182,10991869900
2019/8/22,1319.5,1334,1336,1315,90282,7182694900
2019/8/23,1336.5,1328.5,1338,1324,69588,5555657200
2019/8/26,1328.5,1301,1334.5,1297.5,145572,11488821400
2019/8/27,1301,1298.5,1308.5,1295,107692,8414161600
2019/8/28,1297,1305,1307.5,1280.5,168186,13037130100
2019/8/29,1308,1290.5,1308,1290,75056,5848315300
2019/8/30,1291,1308,1310,1288,96284,7510767700
2019/9/2,1307,1315.5,1317.5,1300,97698,7677016500
2019/9/3,1313,1309,1316,1303.5,61568,4841760100
2019/9/4,1310,1319,1320,1306.5,77690,6124600000
2019/9/5,1320,1327.5,1340.5,1315,127688,10175535400
2019/9/6,1328,1323,1336,1322.5,70318,5605866500
2019/9/9,1325,1343.5,1347.5,1322,97502,7793390000
2019/9/10,1345,1337.5,1345.5,1335,64900,5211741000
2019/9/11,1336,1350,1361.5,1335.5,119098,9636863100
2019/9/12,1351,1358,1360,1348,87486,7112323900
2019/9/16,1359.5,1357.5,1365,1348,76264,6200492000
2019/9/17,1357.5,1346,1358,1343.5,81088,6565728800
2019/9/18,1346,1334,1348,1331.5,103754,8337804300
2019/9/19,1333,1319,1335.5,1319,115292,9194125600
2019/9/20,1319,1296,1330.5,1284.5,241598,18864542200
2019/9/23,1297,1300,1307,1286.5,172152,13378558800
2019/9/24,1296,1245.5,1301,1243,286358,21789406200
2019/9/25,1245.5,1256,1259,1231.5,249430,18666467600
2019/9/26,1251,1253,1268,1242,211562,15929806300
2019/9/27,1255,1236,1255,1233.5,163368,12189742400
2019/9/30,1234,1244,1265,1222,215204,16049878900
2019/10/8,1270,1260,1282.5,1250,137088,10370700600
2019/10/9,1260,1251,1268.5,1237.5,183962,13827235000
2019/10/10,1249.5,1253.5,1256,1243.5,108444,8134897700
2019/10/11,1250.5,1250,1255.5,1239,117918,8829075000
2019/10/14,1250,1233,1258,1232.5,153584,11493716300
2019/10/15,1234,1242,1245.5,1224,194664,14401590700
2019/10/16,1240,1217,1241,1205,198812,14624418200
2019/10/17,1217,1236.5,1238,1217,161720,11916587400
2019/10/18,1235,1239.5,1245.5,1222,189284,13995521500
2019/10/21,1238.5,1236.5,1245,1230.5,115142,8547183800
2019/10/22,1236.5,1240,1242,1233,94884,7044160400
2019/10/23,1240,1252,1261.5,1236,161948,12157872400
2019/10/24,1251,1256.5,1258,1249,106672,8026161900
2019/10/25,1255.5,1257.5,1265,1253,105564,7963671300
2019/10/28,1262,1248,1269.5,1244,172656,13042957500
2019/10/29,1250,1259,1265,1248,124492,9389481600
2019/10/30,1259,1260.5,1265,1251,122986,9289287200
2019/10/31,1262.5,1236,1262.5,1233.5,188432,14060752100
2019/11/1,1236,1237,1244.5,1229,163588,12138065300
2019/11/4,1229,1224.5,1239.5,1212.5,239024,17524616900
2019/11/5,1225.5,1247.5,1249,1222,212576,15773513900
2019/11/6,1246,1234,1250.5,1232,173658,12947746800
2019/11/7,1234,1239,1243.5,1230.5,123510,9172670700
2019/11/8,1240,1240,1246,1226.5,169432,12558232500
2019/11/11,1239,1224.5,1240,1222.5,211968,15646946000
2019/11/12,1224,1229.5,1236,1222,149124,11002840600
2019/11/13,1230,1229.5,1230.5,1211,242286,17749207600
2019/11/14,1230.5,1238.5,1244.5,1225.5,174100,12895779500
2019/11/15,1237.5,1228.5,1239.5,1228,122468,9072312100
2019/11/18,1228,1228.5,1237.5,1214,184026,13539434600
2019/11/19,1233,1258.5,1264.5,1233,269732,20209509200
2019/11/20,1260,1266,1268,1254.5,160420,12146931000
2019/11/21,1266,1257.5,1267,1252.5,119500,9029722400
2019/11/22,1255,1249.5,1260.5,1245.5,128348,9644973100
2019/11/25,1249,1259,1275,1247,230138,17378937400
2019/11/26,1259,1230.5,1259,1226,220660,16426805600
2019/11/27,1230.5,1230.5,1238,1223.5,124336,9191988700
2019/11/28,1230,1224.5,1231,1222,111538,8209030500
2019/11/29,1224.5,1227,1232.5,1221.5,95622,7044389800
2019/12/2,1229,1237.5,1239.5,1224,114994,8501174900
2019/12/3,1240,1238.5,1243.5,1235.5,76526,5689825100
2019/12/4,1240,1229,1245,1226.5,113692,8436285600
2019/12/5,1230,1235,1237,1229,72082,5336262700
2019/12/6,1235,1236,1238.5,1231,72634,5380179000
2019/12/9,1237,1243.5,1254.5,1236.5,139338,10425269200
2019/12/10,1244.5,1242,1247,1240,71442,5328278600
2019/12/11,1243,1235.5,1251,1231,90368,6728662100
2019/12/12,1235.5,1233,1238,1225,103100,7614512300
2019/12/13,1231,1233,1236.5,1227,57240,4226489000
2019/12/16,1229.5,1244.5,1250,1229.5,96654,7191810200
2019/12/17,1242.5,1244.5,1250,1238.5,57038,4259694500
2019/12/18,1244.5,1244,1248,1235.5,52956,3950842800
2019/12/19,1245,1236,1260,1235,107950,8085532400
2019/12/20,1186.5,1184,1188,1177.5,92886,6589873000
2019/12/23,1185,1168.5,1189,1166,116890,8261214500
2019/12/24,1168.5,1150.5,1171,1148,163326,11316631000
2019/12/25,1150,1151.5,1155.5,1147.5,82410,5697373400
2019/12/26,1150,1142,1151.5,1138,120498,8271014200
2019/12/27,1140.5,1147,1151.5,1140.5,123804,8515826400
2019/12/30,1148.5,1155,1159,1143.5,109818,7594047400
2019/12/31,1157.5,1164.5,1176.5,1156,128698,8988696000
2020/1/2,1167.5,1176.5,1180,1162,59287,4173069200
2020/1/3,1176,1178.5,1181.5,1172.5,45198,3193344700
2020/1/6,1178.5,1178,1181,1175.5,38735,2738093300
2020/1/7,1178,1191.5,1200,1178,60592,4324314200
2020/1/8,1191.5,1206.5,1211.5,1189.5,58966,4252350500
2020/1/9,1207,1202.5,1216.5,1196.5,61945,4492109600
2020/1/10,1203,1208,1218,1202.5,47738,3465442100
2020/1/13,1213.5,1209,1219.5,1206.5,55026,4001995600
2020/1/14,1208,1212,1219,1205.5,42170,3067348400
2020/1/15,1214,1211,1215,1207.5,32624,2368559000
2020/1/16,1210,1224.5,1228,1209,58485,4286387800
2020/1/17,1224.5,1220,1226.5,1219,34318,2519813100
2020/1/20,1223,1228,1230.5,1220,33579,2469794500
2020/1/21,1225,1226.5,1229.5,1216.5,38863,2851957400
2020/1/22,1225,1220,1228.5,1209,48890,3575098800
2020/1/23,1220,1213.5,1225,1211.5,30939,2260552900
2020/2/3,1171,1168.5,1198,1158,65686,4654728500
2020/2/4,1167.5,1198.5,1210,1167.5,59155,4218599800
2020/2/5,1196,1198.5,1209,1192,43625,3141449100
2020/2/6,1200.5,1230.5,1239.5,1196,68897,5040638700
2020/2/7,1228,1231,1233.5,1223,33785,2488419400
2020/2/10,1229,1224,1230,1220.5,44225,3250962800
2020/2/11,1230,1264,1267,1230,79288,5964397600
2020/2/12,1263,1280,1286,1260.5,71345,5464311000
2020/2/13,1280,1269.5,1281,1267,46063,3519370600
2020/2/14,1272,1275.5,1278,1269.5,31401,2400472900
2020/2/17,1274,1270.5,1280,1268.5,43583,3329571400
2020/2/18,1271.5,1264,1274,1255.5,52844,4002243800
2020/2/19,1265,1273,1280.5,1264,57658,4406404400
2020/2/20,1279.5,1279,1294.5,1260.5,85851,6571494000
2020/2/21,1275,1263.5,1275,1257.5,65311,4951762300
2020/2/24,1262,1279,1281,1257.5,78178,5954822000
2020/2/25,1271.5,1276.5,1281,1262,60446,4616722800
2020/2/26,1274,1269,1279.5,1266,48008,3664634000
2020/2/27,1270,1264.5,1278.5,1263,69840,5320953100
2020/2/28,1255,1242,1256,1232,93259,6960691400
2020/3/2,1235,1277.5,1278,1234.5,83500,6323346500
2020/3/3,1280,1271.5,1287,1268,52663,4032687800
2020/3/4,1269,1274,1278,1265.5,44168,3371228400
2020/3/5,1280,1261.5,1282,1257.5,54429,4134345600
2020/3/6,1259,1256,1263.5,1243.5,77302,5814767300
2020/3/9,1240,1253,1253.5,1222.5,83360,6201295000
2020/3/10,1250.5,1258,1270.5,1249.5,53421,4036594200
2020/3/11,1261.5,1257,1265,1253,43454,3285562300
2020/3/12,1255,1271.5,1273,1250,68170,5158853100
2020/3/13,1265.5,1290,1291.5,1260,89292,6816010500
2020/3/16,1288,1275.5,1288,1274,51514,3954479970
2020/3/17,1276,1282,1299,1275,84851,6552146370
2020/3/18,1279,1273.5,1293,1273,52356,4028107680
2020/3/19,1277.5,1276,1284,1245,111255,8452327980
2020/3/20,1276,1254.5,1279.5,1252.5,59334,4499682600
2020/3/23,1248.5,1243.5,1256.5,1241,64500,4828311210
2020/3/24,1250.5,1271,1274,1247,57600,4335688710
2020/3/25,1271,1260.5,1273.5,1249,53410,4027155330
2020/3/26,1257.5,1250.5,1265.5,1247,49374,3721219770
2020/3/27,1250.5,1254,1258.5,1243,43940,3300240330
2020/3/30,1252,1242,1255,1236.5,47587,3558338100
2020/3/31,1243,1260.5,1264,1241.5,42580,3205083600
2020/4/1,1261,1243.5,1261,1232.5,59499,4444367460
2020/4/2,1237,1233,1245.5,1208,63967,4695943020
2020/4/3,1230.5,1210,1235,1199,52388,3816649290
2020/4/7,1080,1088,1106,1073,84888,5546400720
2020/4/8,1080,1096.5,1102,1068.5,88699,5788353810
2020/4/9,1096.5,1103.5,1113,1093,88019,5819028300
2020/4/10,1103.5,1131,1138,1099.5,108480,7331087880
2020/4/13,1130,1132,1143,1119,73649,4992566490
2020/4/14,1127,1130.5,1137.5,1124,58039,3936068850
2020/4/15,1128,1124,1142,1121,61053,4147535220
2020/4/16,1126,1137,1138,1117.5,50333,3416482740
2020/4/17,1135.5,1136.5,1148.5,1121,80884,5492169750
2020/4/20,1136.5,1132,1140,1127.5,53314,3625601850
2020/4/21,1128,1108,1130,1095.5,80177,5358874770
2020/4/22,1102,1117,1122,1100.5,71601,4784642670
2020/4/23,1117,1100.5,1119,1090,82619,5480426490
2020/4/24,1090,1093,1103.5,1086,75406,4948936350
2020/4/27,1088,1075,1092.5,1074,59898,3889580040
2020/4/28,1070,1035.5,1071,1028,115753,7255299120
2020/4/29,1040,1039.5,1049.5,1027.5,85482,5330549820
2020/4/30,1044.5,1069,1078,1044,99459,6335624280
2020/5/6,1078.5,1081,1086.5,1061.5,49351,3175749960
2020/5/7,1087.5,1088.5,1100.5,1083.5,73591,4822954050
2020/5/8,1090,1090,1105,1084.5,77191,5066586750
2020/5/11,1090,1080.5,1097,1073.5,81524,5308789260
2020/5/12,1080.5,1114.5,1119.5,1074,126845,8355037200
2020/5/13,1116.5,1113,1121.5,1106,76175,5096440350
2020/5/14,1115,1127,1141.5,1113,95227,6438447450
2020/5/15,1125,1124.5,1130.5,1115.5,78616,5292937800
2020/5/18,1125,1139,1151.5,1122,83779,5713135650
2020/5/19,1139.5,1170.5,1175,1136.5,90207,6242766330
2020/5/20,1167.5,1160,1170.5,1151,70303,4897483140
2020/5/21,1162,1165,1171.5,1153,64031,4467076920
2020/5/22,1165,1150,1167.5,1137.5,91272,6308809680
2020/5/25,1152,1153.5,1168,1148.5,99100,6882690810
2020/5/26,1154.5,1156,1157.5,1142.5,73481,5077281180
2020/5/27,1153,1163.5,1166.5,1145.5,78739,5462448210
2020/5/28,1165,1159,1169.5,1153.5,62764,4368665130
2020/5/29,1160,1162,1165.5,1155,57547,4004628510
2020/6/1,1162,1170,1180.5,1154.5,99213,6972473160
2020/6/2,1167,1177,1194,1165,90777,6417610860
2020/6/3,1177,1174,1180.5,1171,65957,4652193570
2020/6/4,1172,1178,1188,1165.5,75216,5319091080
2020/6/5,1181,1169,1181.5,1158,79830,5589153210
2020/6/8,1170,1192.5,1197.5,1163,110022,7801345950
2020/6/9,1190.5,1192,1196.5,1183,81177,5793570840
2020/6/10,1192,1185.5,1209,1184.5,90427,6482436150
2020/6/11,1186.5,1185.5,1188.5,1178.5,60482,4292840880
2020/6/12,1186,1187.5,1190.5,1172.5,65385,4638718230
2020/6/15,1186,1162.5,1190.5,1159,72170,5090963820
2020/6/16,1163,1185.5,1190,1162.5,64063,4526415630
2020/6/17,1185,1171.5,1186,1167.5,61458,4342203570
2020/6/18,1174,1190.5,1195,1171.5,78913,5619140070
2020/6/19,1188,1190.5,1194,1182.5,53556,3817606050
2020/6/22,1191.5,1176.5,1193,1170,55408,3923848200
2020/6/23,1177,1190,1191,1174,53913,3825933630
2020/6/24,1185.5,1190,1192.5,1185,39248,2799059460
2020/6/29,1191,1172.5,1192,1167.5,58863,4158738720
2020/6/30,1172.5,1180.5,1181.5,1172.5,33717,2383102320
2020/7/1,1179,1173,1181,1171.5,34833,2458335300
2020/7/2,1174.5,1193,1196.5,1170,73784,5252469900
2020/7/3,1193,1192,1202.5,1187,47795,3421181640
2020/7/6,1192,1190.5,1195,1185,38420,2742494580
2020/7/7,1190.5,1186.5,1197,1185,42894,3063215490
2020/7/8,1187,1196.5,1206.5,1187,68082,4890186960
2020/7/9,1197,1218,1221,1196.5,78303,5687884140
2020/7/10,1218,1197,1219.5,1195,65443,4730400810
2020/7/13,1198.5,1209,1213.5,1196.5,54828,3965518500
2020/7/14,1206,1198,1208,1192,56051,4033133700
2020/7/15,1201.5,1195.5,1211,1193.5,55112,3974880810
2020/7/16,1197.5,1202,1210,1188.5,61441,4422773490
2020/7/17,1202,1210.5,1218,1201,59019,4280860740
2020/7/20,1215,1207.5,1215.5,1203,40655,2949596730
2020/7/21,1207.5,1233.5,1247.5,1207,85138,6280404900
2020/7/22,1229,1222.5,1235,1217,72550,5335181010
2020/7/23,1226,1229,1238,1221.5,58422,4306628550
2020/7/24,1227,1237,1241,1215.5,73461,5415534780
2020/7/27,1237.5,1224,1249.5,1221.5,63738,4723175370
2020/7/28,1224.5,1215,1228,1213,43807,3210153510
2020/7/29,1215,1221,1226,1214.5,31985,2342420820
2020/7/30,1218,1206.5,1220.5,1198.5,63123,4576910400
2020/7/31,1210,1219.5,1223,1203,45790,3330930750
2020/8/3,1217,1227.5,1230.5,1205,54718,4001174370
2020/8/4,1226.5,1207.5,1230,1206,48855,3564822840
2020/8/5,1205,1211.5,1216,1192,69047,4992801210
2020/8/6,1211.5,1219.5,1224.5,1210,50727,3703729500
2020/8/7,1220,1216.5,1233,1207.5,45740,3350804910
2020/8/10,1215,1210.5,1221.5,1203,38271,2785338120
2020/8/11,1213.5,1196,1214.5,1193,43089,3107824230
2020/8/12,1201,1197.5,1206.5,1184.5,45364,3257777370
2020/8/13,1193,1185.5,1201.5,1185.5,26650,1908476550
2020/8/14,1191.5,1194,1201.5,1187,29387,2106736920
2020/8/17,1192,1194,1205,1186.5,37384,2683538370
2020/8/18,1200,1204.5,1213,1193.5,33479,2416001130
2020/8/19,1199.5,1185,1203,1164.5,60167,4262708190
2020/8/20,1189.5,1214.5,1220,1185,63402,4577835930
2020/8/21,1211.5,1217.5,1218,1205.5,34125,2483857350
2020/8/24,1198.5,1218,1220,1197.5,44942,3262665420
2020/8/25,1218,1218.5,1227.5,1215.5,49738,3642100770
2020/8/26,1218,1218,1223,1214.5,33150,2424366570
2020/8/27,1220,1223.5,1227,1215,38973,2854674030
2020/8/28,1219.5,1231,1233,1207,70103,5126610630
2020/8/31,1233,1239.5,1244,1229,45747,3396820350
2020/9/1,1239.5,1263.5,1267,1238,72541,5451579810
2020/9/2,1264,1276,1277,1254,75361,5715696030
2020/9/3,1276,1283.5,1293,1271,85239,6560883480
2020/9/4,1283.5,1281.5,1286,1265,72904,5587014240
2020/9/7,1284,1286,1293,1281,59451,4588127040
2020/9/8,1282.5,1263,1287.5,1259.5,79860,6090019890
2020/9/9,1263.5,1258.5,1273,1253,84218,6393113430
2020/9/10,1260,1246.5,1264.5,1244,76430,5752898760
2020/9/11,1246,1257,1257.5,1246,53931,4052671860
2020/9/14,1257,1263,1272.5,1249.5,66641,5037900510
2020/9/15,1259.5,1255.5,1272,1252.5,59427,4496722740
2020/9/16,1259,1247,1267,1237,69444,5224777950
2020/9/17,1244,1260,1266.5,1244,59029,4451360490
2020/9/18,1258.5,1277,1282,1254.5,64503,4913578650
2020/9/21,1273.5,1269.5,1279.5,1264,60601,4621971750
2020/9/22,1271.5,1271.5,1278,1255,82369,6276144960
2020/9/23,1269,1271.5,1286,1263,100456,7681819680
2020/9/24,1272.5,1258.5,1272.5,1249,77879,5886834420
2020/9/25,1258.5,1244,1263,1244,61493,4624123680
2020/9/28,1243.5,1264.5,1264.5,1243,57932,4367462640
2020/9/29,1264.5,1276.5,1276.5,1258,61570,4679679270
2020/9/30,1277,1271.5,1279,1268.5,51605,3943640850
2020/10/9,1277,1321,1324,1277,63587,5009275260
2020/10/12,1318.5,1343.5,1349,1314,71377,5695433970
2020/10/13,1345,1350,1373,1341.5,114443,9325341690
2020/10/14,1345,1349.5,1351,1335.5,71699,5776850880
2020/10/15,1347.5,1342.5,1348.5,1333,53389,4294545480
2020/10/16,1338,1335,1341,1325.5,76263,6099384780
2020/10/19,1332.5,1327.5,1352.5,1320.5,85422,6848750160
2020/10/20,1322.5,1348,1349,1322.5,58573,4699468260
2020/10/21,1347.5,1349,1352,1340.5,51143,4127038500
2020/10/22,1350,1355,1371.5,1346.5,103031,8415109230
2020/10/23,1355,1346.5,1367.5,1345,72364,5895679260
2020/10/26,1347,1343.5,1362,1337,78259,6337837230
2020/10/27,1340,1348,1359.5,1340,69561,5632707660
2020/10/28,1346.5,1340,1352,1327,83785,6730114830
2020/10/29,1336.5,1357.5,1364.5,1335.5,75646,6117496080
2020/10/30,1354.5,1355.5,1367,1348,66801,5442243180
2020/11/2,1356.5,1365.5,1384.5,1352,97298,7967679990
2020/11/3,1360,1336,1369.5,1334.5,91639,7418546070
2020/11/4,1336,1310.5,1348,1306,94652,7593363210
2020/11/5,1315,1306.5,1325,1302.5,84694,6675310200
2020/11/6,1305,1304,1317,1293.5,80569,6313609890
2020/11/9,1305,1311,1335.5,1304,99266,7849741230
2020/11/10,1313,1308,1324,1303,71567,5633660790
2020/11/11,1309,1354.5,1355.5,1304,108084,8627957580
2020/11/12,1353,1369,1369,1344,94103,7650553530
2020/11/13,1369,1369,1376.5,1354.5,82538,6755772300
2020/11/16,1366.5,1332,1373.5,1325.5,94984,7674928170
2020/11/17,1334,1317,1340,1313,79914,6356795250
2020/11/18,1317,1321.5,1329.5,1314,54617,4327802220
2020/11/19,1321.5,1312,1326.5,1301,73912,5825485080
2020/11/20,1312,1321.5,1325,1304.5,67068,5276999130
2020/11/23,1328.5,1364.5,1367.5,1327,121768,9849133830
2020/11/24,1367,1405.5,1418,1363.5,137881,11453383500
2020/11/25,1410,1424.5,1427.5,1393.5,111479,9436053990
2020/11/26,1422.5,1426,1429.5,1399,106576,9060924150
2020/11/27,1426,1431.5,1436.5,1420,81306,6963864870
2020/11/30,1433,1424,1442.5,1404,106894,9152850810
2020/12/1,1426,1474,1481.5,1425,124881,10926551220
2020/12/2,1474.5,1535,1536,1468.5,127425,11454118440
2020/12/3,1532,1521.5,1551.5,1508,151325,13878737370
2020/12/4,1515,1520,1528.5,1488.5,111241,10100368320
2020/12/7,1521,1530.5,1568,1520.5,125966,11626287660
2020/12/8,1528.5,1524,1546.5,1511,81011,7428727200
2020/12/9,1530.5,1619.5,1631.5,1526,166869,15857739330
2020/12/10,1619,1602,1644,1585.5,147359,14282879460
2020/12/11,1596,1521.5,1632.5,1502.5,174812,16425906390
2020/12/14,1513.5,1505.5,1536,1490.5,96211,8748293400
2020/12/15,1498.5,1512,1533,1498.5,79824,7273261320
2020/12/16,1509,1519.5,1544,1505.5,73219,6696937560
2020/12/17,1513.5,1506.5,1529.5,1502.5,47212,4297852050
2020/12/18,1574,1613,1637,1572,152513,14632861020
2020/12/21,1615,1683,1724.5,1608,244957,24499081050
2020/12/22,1670,1615.5,1701,1582.5,273635,27037531920
2020/12/23,1624,1627,1648,1579,224644,21764360760
2020/12/24,1627,1626,1653,1618,141352,13842433020
2020/12/25,1629.5,1689,1692,1605,154636,15252777210
2020/12/28,1690,1712.5,1744.5,1663.5,245308,25106118720
2020/12/29,1700,1661,1733,1644,235038,23936009910
2020/12/30,1659,1640.5,1674,1618,275100,27222311640
2020/12/31,1648,1629,1659.5,1617,197155,19380193140
2021/1/4,1622.5,1688,1716.5,1622,133630,13376736300
2021/1/5,1645.5,1709.5,1720.5,1645.5,161541,16469222640
2021/1/6,1709.5,1698,1731,1673.5,199306,20297823390
2021/1/7,1694,1729.5,1734,1687,147961,15140670420
2021/1/8,1730,1772,1825.5,1707,310841,32906302980
2021/1/11,1775,1781.5,1807.5,1749,278378,29686053750
2021/1/12,1782.5,1734.5,1786.5,1715,249500,26075213490
2021/1/13,1734,1651.5,1751.5,1626,289870,29447579700
2021/1/14,1651,1666,1673,1636,185458,18411443220
2021/1/15,1668,1727,1766.5,1668,299779,30865987170
2021/1/18,1727,1707,1747.5,1700,223491,23123869590
2021/1/19,1701,1657.5,1713.5,1645.5,253838,25576494450
2021/1/20,1657.5,1630,1666.5,1603,251016,24688626720
2021/1/21,1623,1653.5,1672,1615,194804,19153134240
2021/1/22,1651,1623,1662,1601,177806,17447349930
2021/1/25,1620,1631.5,1645,1583.5,199775,19429824120
2021/1/26,1635.5,1581.5,1645,1580,166449,16168623210
2021/1/27,1581,1601.5,1608.5,1551.5,191298,18171202080
2021/1/28,1601.5,1565.5,1601.5,1557,168676,15936879300
2021/1/29,1565,1510,1567,1490,222140,20402298870
2021/2/1,1509,1499.5,1525,1488.5,163221,14756327160
2021/2/2,1500,1465.5,1505.5,1463,145510,12949667700
2021/2/3,1471,1452.5,1496,1438,173642,15264033780
2021/2/4,1454,1509.5,1510,1445.5,207303,18368752770
2021/2/5,1511,1513,1542.5,1496,188270,17156801760
2021/2/8,1508.5,1528,1548,1502,135773,12444498120
2021/2/9,1533.5,1553.5,1578.5,1527.5,105388,9796719690
2021/2/10,1559.5,1547,1560,1525.5,96729,8971708950
2021/2/18,1570,1608.5,1608.5,1551,114215,10828775760
2021/2/19,1602.5,1567.5,1603.5,1556.5,111428,10569345270
2021/2/22,1562.5,1505,1567,1487,196841,18046454250
2021/2/23,1505,1461.5,1506.5,1455,154681,13710282090
2021/2/24,1460,1483,1487.5,1455.5,146683,12947096970
2021/2/25,1485,1527.5,1539,1477.5,181750,16484383110
2021/2/26,1525,1474,1525,1451.5,168630,15016745280
2021/3/1,1472,1402,1498.5,1387,227403,19576694310
2021/3/2,1401,1490,1493,1390,220813,19013495970
2021/3/3,1495.5,1524.5,1529.5,1475.5,228367,20554194630
2021/3/4,1525,1503,1526,1485,194206,17526832350
2021/3/5,1502,1481.5,1502,1449,237116,21028475670
2021/3/8,1486,1509.5,1557,1482.5,222402,20230647660
2021/3/9,1509.5,1467,1513,1462.5,171445,15342513510
2021/3/10,1462,1516.5,1530,1451.5,211837,19069024620
2021/3/11,1520.5,1543.5,1561.5,1496.5,186480,17103701970
2021/3/12,1543.5,1505,1559.5,1492.5,177158,16287754050
2021/3/15,1507,1485.5,1521,1466.5,163437,14657521050
2021/3/16,1490,1537.5,1555,1485,185260,16945543560
2021/3/17,1541.5,1602.5,1605,1540,184283,17352867600
2021/3/18,1602.5,1587.5,1603.5,1568,138744,13195888470
2021/3/19,1591,1598,1638,1579.5,260503,25164001680
2021/3/22,1603,1547.5,1614.5,1536,263013,24962059650
2021/3/23,1549,1548,1569.5,1545.5,131863,12317000940
2021/3/24,1545,1539.5,1557.5,1515,178540,16463230620
2021/3/25,1539.5,1549,1581,1537,146967,13722409530
2021/3/26,1550,1560,1561,1526,127916,11845029960
2021/3/29,1560,1645.5,1677,1552.5,213770,20761119990
2021/3/30,1645.5,1648,1687.5,1645,182565,18214999440
2021/3/31,1654.5,1659,1676,1632,164871,16398828660
2021/4/1,1655,1591,1669,1575.5,203897,19751480220
2021/4/2,1590,1570,1614,1563.5,162976,15541368030
2021/4/6,1565.5,1594,1620.5,1565,114325,10983893970
2021/4/7,1592,1585,1594.5,1545.5,153136,14429113110
2021/4/8,1593,1556.5,1608,1551,130197,12292399230
2021/4/9,1552.5,1573,1598.5,1552.5,117949,11201499450
2021/4/12,1576,1599,1612,1565.5,138241,13169528700
2021/4/13,1599,1602,1614,1555.5,144604,13751300910
2021/4/14,1595.5,1603,1617.5,1574,125279,12000866190
2021/4/15,1597,1600.5,1606.5,1567,95752,9149913510
2021/4/16,1600.5,1684,1703.5,1583.5,172513,17044260240
2021/4/19,1684.5,1655,1702.5,1634,134269,13463651700
2021/4/20,1731,1739.5,1756,1725,93723,9764889990
2021/4/21,1731.5,1710.5,1737.5,1698.5,135840,13990123830
2021/4/22,1708.5,1752,1770,1706,181003,18910306170
2021/4/23,1756,1744.5,1767,1730.5,125183,13136806650
2021/4/26,1750,1789,1823,1745,168519,18079450140
2021/4/27,1797,1784,1799,1770,136119,14582947830
2021/4/28,1779,1757,1789.5,1752,157475,16677813420
2021/4/29,1752,1766.5,1792,1727,201868,21244265250
2021/4/30,1775.5,1773,1792.5,1737.5,215053,22847683380
2021/5/6,1804,1912,1912,1804,133830,15087334320
2021/5/7,1912,1939.5,1941.5,1889.5,180531,20683809210
2021/5/10,1940,2062,2062,1896,292069,34796084010
2021/5/11,2068,2027.5,2072.5,1963.5,288986,35017856070
2021/5/12,2031,2111.5,2138.5,2006,319682,39686722920
2021/5/13,2080,1988,2090.5,1922,409620,49724762460
2021/5/14,1988,1922,2011,1862,362414,42277362120
2021/5/17,1943,1967,2000,1929,345377,40799746860
2021/5/18,1967,1967.5,1991,1930,230477,27097515390
2021/5/19,1969.5,1927,1979,1903.5,253819,29501248140
2021/5/20,1890,1782.5,1890,1782.5,384459,41629294110
2021/5/21,1778,1701,1785.5,1685.5,448529,46479591330
2021/5/24,1709,1723,1743.5,1638,331117,33722991720
2021/5/25,1725,1758,1802.5,1720,329062,34757606760
2021/5/26,1750,1744.5,1792.5,1736,325990,34509332520
2021/5/27,1735,1787.5,1806,1702.5,365527,38654057430
2021/5/28,1787.5,1801,1824,1762.5,272086,29183840400
2021/5/31,1789.5,1767,1836,1749.5,358936,38517921900
2021/6/1,1759,1872,1873,1740,357281,38471637330
2021/6/2,1872,1859,1893.5,1837,300743,33641541300
2021/6/3,1859,1878.5,1924.5,1854,325851,36971435250
2021/6/4,1868,1850,1878.5,1800,369066,40774205610
2021/6/7,1857,1803,1885.5,1796,289840,32167771140
2021/6/8,1803,1852.5,1871,1799,227890,25004427180
2021/6/9,1853.5,1871,1895.5,1848,193323,21663933990
2021/6/10,1871,1865,1897.5,1864.5,196621,22170321030
2021/6/11,1880,1982.5,1984,1873,263125,30473074620
2021/6/15,1945,1955.5,1967,1907,221977,25822887810
2021/6/16,1968.5,1952.5,1994,1938.5,286790,33804708540
2021/6/17,1950,2009.5,2022.5,1935.5,309334,36804219780
2021/6/18,2010,1955,2067.5,1949.5,422157,51215910120
2021/6/21,1955,1937.5,1992.5,1920.5,341940,40240671510
2021/6/22,1931,1968.5,1983.5,1904.5,303272,35295178260
2021/6/23,1976,2037,2054,1968,345116,41602529100
2021/6/24,2040,2045.5,2073.5,2018.5,283715,34892619690
2021/6/25,2058,2045,2076,2029.5,282316,34818751860
2021/6/28,2045,1978,2067,1962.5,333977,40057080720
2021/6/29,1978,1943.5,1987,1940,253783,29914315830
2021/6/30,1938,1944.5,1973,1921,242058,28300734510
2021/7/1,1944.5,1910,1976,1907.5,258963,30184144890
2021/7/2,1910,1942.5,1949,1881,305134,35011382250
2021/7/5,1942.5,1970.5,1978,1924,215190,25164806370
2021/7/6,1980,1949,2007.5,1946,246458,29264953920
2021/7/7,1948,1932,1954,1909,232437,26948328810
2021/7/8,1935,1830.5,1943.5,1829,358771,40433542740
2021/7/9,1822.5,1856.5,1868,1818,243919,27023620530
2021/7/12,1870,1882.5,1899,1850.5,263494,29586512910
2021/7/13,1880,1959.5,1965,1876,286709,33097539660
2021/7/14,1962,1996.5,1998,1956.5,248697,29479152540
2021/7/15,1990,1986.5,2020,1963,315520,37617601020
2021/7/16,1994,2035,2061,1988,302390,36817944180
2021/7/19,2031,2040.5,2068.5,2003,286355,34935351180
2021/7/20,2031,2074,2097.5,2015,295427,36380150280
2021/7/21,2080,2090,2101.5,2056,252387,31571198790
2021/7/22,2085,2085,2098.5,2048,282667,35188347570
2021/7/23,2086,2115.5,2126,2076,277495,34925580180
2021/7/26,2106,2153.5,2172.5,2085.5,290046,37116903090
2021/7/27,2150,2135,2190.5,2125,239463,30953812530
2021/7/28,2135,2199,2205,2135,271659,35516041680
2021/7/29,2200,2256,2258,2187,257339,34278191970
2021/7/30,2258,2317,2333,2249,498756,68604978600
2021/8/2,2280.5,2289,2313,2230,447677,60939694980
2021/8/3,2290,2222,2305,2220,304875,41389202640
2021/8/4,2221,2313.5,2320,2219,268855,36773908050
2021/8/5,2313.5,2325.5,2358,2310.5,266224,37296169650
2021/8/6,2329.5,2374.5,2385.5,2298.5,257807,36291547020
2021/8/9,2374.5,2371.5,2424,2365,277772,39828290190
2021/8/10,2377.5,2344,2405.5,2327,241079,34281377640
2021/8/11,2344,2361,2379,2337.5,108043,15293230320
2021/8/12,2268,2205.5,2286.5,2205,327580,44149546500
2021/8/13,2210,2184.5,2243,2152.5,413050,54490248720
2021/8/16,2184,2180,2276,2177,447524,59697092790
2021/8/17,2168.5,2239,2242,2157,399121,52436905260
2021/8/18,2242,2195.5,2264,2173.5,449500,59806797720
2021/8/19,2185,2287,2320,2150,703276,94419432210
2021/8/20,2267,2238,2283,2200.5,411135,55311983340
2021/8/23,2221,2421,2421,2221,332575,46501020210
2021/8/24,2465,2465,2571,2443,392702,59049881550
2021/8/25,2474,2589,2606.5,2472,326835,49909611930
2021/8/26,2601,2536.5,2624.5,2502,370176,57082505760
2021/8/27,2506,2523,2550,2453,363202,54311283000
2021/8/30,2550,2495,2560,2428,387674,57821375730
